Time(sec),Vehicle_ID,Vehicle_Type,Violation_Type,Speed(km/h)
0.17,13,motorcycle,Over-Speeding,89.06
0.33,13,motorcycle,Over-Speeding,100.45
0.63,26,motorcycle,Over-Speeding,206.97
0.67,13,motorcycle,Over-Speeding,167.75
0.67,28,truck,Over-Speeding,130.05
0.93,23,car,Over-Speeding,81.72
1.07,17,car,Over-Speeding,200.89
1.23,16,car,Over-Speeding,109.34
1.67,16,truck,Over-Speeding,86.4
1.8,32,truck,Over-Speeding,97.35
1.83,16,car,Over-Speeding,82.6
2.27,55,truck,Over-Speeding,81.18
2.43,51,car,Over-Speeding,85.38
2.9,38,car,Over-Speeding,94.31
3.47,66,truck,Over-Speeding,181.52
4.0,5,car,Illegal Parking,5.4
4.03,5,car,Illegal Parking,5.4
4.07,5,car,Illegal Parking,0.0
4.1,5,car,Illegal Parking,7.64
4.13,5,car,Illegal Parking,5.4
4.17,5,car,Illegal Parking,5.4
4.2,5,car,Illegal Parking,5.4
4.23,5,car,Illegal Parking,7.64
4.27,5,car,Illegal Parking,5.4
4.3,5,car,Illegal Parking,5.4
4.33,5,car,Illegal Parking,7.64
4.37,5,car,Illegal Parking,5.4
4.4,5,car,Illegal Parking,0.0
4.43,5,car,Illegal Parking,5.4
4.47,5,car,Illegal Parking,0.0
4.5,5,car,Illegal Parking,0.0
4.53,5,car,Illegal Parking,7.64
4.57,5,car,Illegal Parking,0.0
4.6,5,car,Illegal Parking,0.0
4.63,5,car,Illegal Parking,5.4
4.67,5,car,Illegal Parking,5.4
4.7,5,car,Illegal Parking,5.4
4.73,5,car,Illegal Parking,0.0
4.77,5,car,Illegal Parking,5.4
4.8,5,car,Illegal Parking,5.4
4.83,5,car,Illegal Parking,5.4
4.87,5,car,Illegal Parking,0.0
4.9,5,car,Illegal Parking,5.4
4.93,5,car,Illegal Parking,0.0
4.97,5,car,Illegal Parking,0.0
5.0,5,car,Illegal Parking,5.4
5.03,5,car,Illegal Parking,0.0
5.07,5,car,Illegal Parking,0.0
5.07,62,truck,Over-Speeding,92.28
5.1,5,car,Illegal Parking,0.0
5.13,5,car,Illegal Parking,5.4
5.17,5,car,Illegal Parking,0.0
5.2,5,car,Illegal Parking,5.4
5.23,5,car,Illegal Parking,5.4
5.27,5,car,Illegal Parking,0.0
5.3,5,car,Illegal Parking,0.0
5.33,5,car,Illegal Parking,0.0
5.37,5,car,Illegal Parking,0.0
5.4,5,car,Illegal Parking,0.0
5.43,5,car,Illegal Parking,0.0
5.43,62,truck,Over-Speeding,133.37
5.47,5,car,Illegal Parking,0.0
5.5,5,car,Illegal Parking,5.4
5.53,5,car,Illegal Parking,0.0
5.53,78,truck,Over-Speeding,85.38
5.57,5,car,Illegal Parking,5.4
5.6,5,car,Illegal Parking,0.0
5.63,5,car,Illegal Parking,5.4
5.67,5,car,Illegal Parking,0.0
5.7,5,car,Illegal Parking,0.0
5.73,5,car,Illegal Parking,5.4
5.77,5,car,Illegal Parking,0.0
5.8,5,car,Illegal Parking,0.0
5.83,5,car,Illegal Parking,0.0
5.83,78,truck,Over-Speeding,114.42
5.87,5,car,Illegal Parking,5.4
5.87,93,motorcycle,Over-Speeding,111.32
5.9,5,car,Illegal Parking,5.4
5.93,5,car,Illegal Parking,7.64
5.97,5,car,Illegal Parking,5.4
6.0,5,car,Illegal Parking,7.64
6.0,76,car,Over-Speeding,170.76
6.03,5,car,Illegal Parking,0.0
6.07,5,car,Illegal Parking,5.4
6.1,5,car,Illegal Parking,0.0
6.1,66,car,Over-Speeding,177.63
6.13,5,car,Illegal Parking,0.0
6.13,93,motorcycle,Over-Speeding,99.28
6.17,5,car,Illegal Parking,5.4
6.2,5,car,Illegal Parking,5.4
6.23,5,car,Illegal Parking,0.0
6.27,5,car,Illegal Parking,0.0
6.3,5,car,Illegal Parking,0.0
6.33,5,car,Illegal Parking,0.0
6.33,117,motorcycle,Over-Speeding,133.37
6.37,5,car,Illegal Parking,0.0
6.4,5,car,Illegal Parking,0.0
6.43,5,car,Illegal Parking,5.4
6.43,62,truck,Over-Speeding,122.43
6.47,5,car,Illegal Parking,0.0
6.5,5,car,Illegal Parking,0.0
6.53,5,car,Illegal Parking,5.4
6.53,66,car,Over-Speeding,82.43
6.57,5,car,Illegal Parking,0.0
6.6,5,car,Illegal Parking,0.0
6.63,5,car,Illegal Parking,0.0
6.67,5,car,Illegal Parking,0.0
6.67,117,motorcycle,Over-Speeding,96.14
6.7,5,car,Illegal Parking,0.0
6.73,5,car,Illegal Parking,5.4
6.77,5,car,Illegal Parking,5.4
6.8,5,car,Illegal Parking,0.0
6.83,5,car,Illegal Parking,0.0
6.87,5,car,Illegal Parking,5.4
6.9,5,car,Illegal Parking,0.0
6.93,5,car,Illegal Parking,5.4
6.97,5,car,Illegal Parking,5.4
7.0,5,car,Illegal Parking,5.4
7.03,5,car,Illegal Parking,5.4
7.07,5,car,Illegal Parking,0.0
7.1,5,car,Illegal Parking,0.0
7.13,5,car,Illegal Parking,0.0
7.17,5,car,Illegal Parking,0.0
7.2,5,car,Illegal Parking,0.0
7.23,5,car,Illegal Parking,5.4
7.27,5,car,Illegal Parking,0.0
7.3,5,car,Illegal Parking,0.0
7.33,5,car,Illegal Parking,0.0
7.37,5,car,Illegal Parking,0.0
7.4,5,car,Illegal Parking,0.0
7.4,108,car,Over-Speeding,106.09
7.43,5,car,Illegal Parking,0.0
7.47,5,car,Illegal Parking,5.4
7.5,5,car,Illegal Parking,0.0
7.53,5,car,Illegal Parking,5.4
7.57,5,car,Illegal Parking,5.4
7.6,5,car,Illegal Parking,0.0
7.63,5,car,Illegal Parking,7.64
7.67,5,car,Illegal Parking,0.0
7.7,5,car,Illegal Parking,0.0
7.73,5,car,Illegal Parking,5.4
7.73,138,car,Over-Speeding,100.88
7.77,5,car,Illegal Parking,0.0
7.8,5,car,Illegal Parking,5.4
7.83,5,car,Illegal Parking,5.4
7.87,5,car,Illegal Parking,5.4
7.9,5,car,Illegal Parking,0.0
7.93,5,car,Illegal Parking,5.4
7.97,5,car,Illegal Parking,5.4
7.97,136,car,Over-Speeding,194.7
8.0,5,car,Illegal Parking,5.4
8.03,5,car,Illegal Parking,0.0
8.07,5,car,Illegal Parking,0.0
8.1,5,car,Illegal Parking,5.4
8.13,5,car,Illegal Parking,0.0
8.17,5,car,Illegal Parking,5.4
8.17,50,car,Over-Speeding,240.83
8.2,5,car,Illegal Parking,0.0
8.23,5,car,Illegal Parking,0.0
8.27,5,car,Illegal Parking,0.0
8.27,50,car,Over-Speeding,180.48
8.3,5,car,Illegal Parking,0.0
8.33,5,car,Illegal Parking,0.0
8.37,5,car,Illegal Parking,0.0
8.4,5,car,Illegal Parking,0.0
8.43,5,car,Illegal Parking,0.0
8.47,5,car,Illegal Parking,5.4
8.47,164,car,Over-Speeding,101.46
8.5,5,car,Illegal Parking,0.0
8.53,5,car,Illegal Parking,0.0
8.57,5,car,Illegal Parking,0.0
8.6,5,car,Illegal Parking,5.4
8.63,5,car,Illegal Parking,0.0
8.67,5,car,Illegal Parking,0.0
8.7,5,car,Illegal Parking,0.0
8.73,5,car,Illegal Parking,7.64
8.77,5,car,Illegal Parking,5.4
8.8,5,car,Illegal Parking,0.0
8.83,5,car,Illegal Parking,0.0
8.87,5,car,Illegal Parking,0.0
8.9,5,car,Illegal Parking,0.0
8.9,160,truck,Over-Speeding,118.43
8.93,5,car,Illegal Parking,0.0
8.97,5,car,Illegal Parking,0.0
9.0,5,car,Illegal Parking,0.0
9.03,5,car,Illegal Parking,0.0
9.07,5,car,Illegal Parking,0.0
9.1,5,car,Illegal Parking,0.0
9.13,5,car,Illegal Parking,0.0
9.17,5,car,Illegal Parking,0.0
9.2,5,car,Illegal Parking,0.0
9.23,5,car,Illegal Parking,0.0
9.27,5,car,Illegal Parking,5.4
9.3,5,car,Illegal Parking,5.4
9.33,5,car,Illegal Parking,0.0
9.37,5,car,Illegal Parking,5.4
9.4,5,car,Illegal Parking,0.0
9.43,5,car,Illegal Parking,0.0
9.47,5,car,Illegal Parking,0.0
9.47,150,car,Over-Speeding,92.91
9.5,5,car,Illegal Parking,0.0
9.5,160,car,Over-Speeding,150.43
9.53,5,car,Illegal Parking,0.0
9.57,5,car,Illegal Parking,0.0
9.6,5,car,Illegal Parking,0.0
9.63,5,car,Illegal Parking,0.0
9.67,5,car,Illegal Parking,0.0
9.7,5,car,Illegal Parking,0.0
9.7,135,car,Over-Speeding,118.92
9.73,5,car,Illegal Parking,0.0
9.77,5,car,Illegal Parking,0.0
9.8,5,car,Illegal Parking,7.64
9.8,173,car,Over-Speeding,266.79
9.83,5,car,Illegal Parking,5.4
9.83,177,car,Over-Speeding,158.82
9.87,5,car,Illegal Parking,0.0
9.9,5,car,Illegal Parking,0.0
9.93,5,car,Illegal Parking,0.0
9.97,5,car,Illegal Parking,0.0
10.0,5,car,Illegal Parking,0.0
10.03,5,car,Illegal Parking,0.0
10.07,5,car,Illegal Parking,5.4
10.1,5,car,Illegal Parking,0.0
10.13,5,car,Illegal Parking,5.4
10.17,5,car,Illegal Parking,0.0
10.17,102,car,Over-Speeding,259.71
10.2,5,car,Illegal Parking,0.0
10.23,5,car,Illegal Parking,0.0
10.27,5,car,Illegal Parking,0.0
10.3,5,car,Illegal Parking,0.0
10.3,9,car,Illegal Parking,5.4
10.33,5,car,Illegal Parking,0.0
10.33,9,car,Illegal Parking,5.4
10.37,5,car,Illegal Parking,0.0
10.37,9,car,Illegal Parking,5.4
10.4,5,car,Illegal Parking,0.0
10.4,9,car,Illegal Parking,0.0
10.43,5,car,Illegal Parking,5.4
10.43,9,car,Illegal Parking,5.4
10.43,195,motorcycle,Over-Speeding,113.91
10.47,5,car,Illegal Parking,0.0
10.47,9,car,Illegal Parking,0.0
10.47,178,motorcycle,Over-Speeding,97.8
10.47,196,car,Over-Speeding,145.9
10.5,5,car,Illegal Parking,10.8
10.5,9,car,Illegal Parking,0.0
10.5,102,car,Over-Speeding,113.53
10.53,5,car,Illegal Parking,7.64
10.53,9,car,Illegal Parking,5.4
10.57,5,car,Illegal Parking,0.0
10.57,9,car,Illegal Parking,0.0
10.57,196,car,Over-Speeding,108.13
10.6,5,car,Illegal Parking,10.8
10.6,9,car,Illegal Parking,0.0
10.63,5,car,Illegal Parking,7.64
10.63,9,car,Illegal Parking,0.0
10.63,150,truck,Over-Speeding,89.87
10.67,5,car,Illegal Parking,10.8
10.67,9,car,Illegal Parking,0.0
10.7,5,car,Illegal Parking,5.4
10.7,9,car,Illegal Parking,7.64
10.73,5,car,Illegal Parking,0.0
10.73,9,car,Illegal Parking,0.0
10.77,5,car,Illegal Parking,0.0
10.77,9,car,Illegal Parking,0.0
10.77,190,truck,Over-Speeding,103.73
10.8,5,car,Illegal Parking,0.0
10.8,9,car,Illegal Parking,0.0
10.83,5,car,Illegal Parking,5.4
10.83,9,car,Illegal Parking,5.4
10.87,5,car,Illegal Parking,5.4
10.87,9,car,Illegal Parking,0.0
10.9,5,car,Illegal Parking,5.4
10.9,9,car,Illegal Parking,0.0
10.93,5,car,Illegal Parking,10.8
10.93,9,car,Illegal Parking,0.0
10.97,5,car,Illegal Parking,5.4
10.97,9,car,Illegal Parking,0.0
11.0,5,car,Illegal Parking,0.0
11.0,9,car,Illegal Parking,0.0
11.03,5,car,Illegal Parking,5.4
11.03,9,car,Illegal Parking,0.0
11.07,5,car,Illegal Parking,0.0
11.07,9,car,Illegal Parking,0.0
11.1,5,car,Illegal Parking,0.0
11.1,9,car,Illegal Parking,5.4
11.13,5,car,Illegal Parking,0.0
11.13,9,car,Illegal Parking,7.64
11.17,5,car,Illegal Parking,5.4
11.17,9,car,Illegal Parking,0.0
11.2,5,car,Illegal Parking,5.4
11.2,9,car,Illegal Parking,0.0
11.23,5,car,Illegal Parking,0.0
11.23,9,car,Illegal Parking,0.0
11.23,190,truck,Over-Speeding,141.74
11.27,5,car,Illegal Parking,5.4
11.27,9,car,Illegal Parking,0.0
11.3,5,car,Illegal Parking,7.64
11.3,9,car,Illegal Parking,5.4
11.33,5,car,Illegal Parking,7.64
11.33,9,car,Illegal Parking,5.4
11.37,5,car,Illegal Parking,0.0
11.37,9,car,Illegal Parking,5.4
11.4,5,car,Illegal Parking,0.0
11.4,9,car,Illegal Parking,5.4
11.43,5,car,Illegal Parking,0.0
11.43,9,car,Illegal Parking,5.4
11.47,5,car,Illegal Parking,0.0
11.47,9,car,Illegal Parking,0.0
11.5,5,car,Illegal Parking,0.0
11.5,9,car,Illegal Parking,0.0
11.53,5,car,Illegal Parking,0.0
11.53,9,car,Illegal Parking,5.4
11.57,5,car,Illegal Parking,5.4
11.57,9,car,Illegal Parking,0.0
11.6,5,car,Illegal Parking,0.0
11.6,9,car,Illegal Parking,0.0
11.63,5,car,Illegal Parking,5.4
11.63,9,car,Illegal Parking,0.0
11.67,5,car,Illegal Parking,0.0
11.67,9,car,Illegal Parking,5.4
11.7,5,car,Illegal Parking,5.4
11.7,9,car,Illegal Parking,0.0
11.73,5,car,Illegal Parking,0.0
11.73,9,car,Illegal Parking,5.4
11.77,5,car,Illegal Parking,0.0
11.77,9,car,Illegal Parking,5.4
11.8,5,car,Illegal Parking,0.0
11.8,9,car,Illegal Parking,0.0
11.83,5,car,Illegal Parking,0.0
11.83,9,car,Illegal Parking,0.0
11.87,5,car,Illegal Parking,5.4
11.87,9,car,Illegal Parking,5.4
11.9,5,car,Illegal Parking,5.4
11.9,9,car,Illegal Parking,5.4
11.9,190,truck,Over-Speeding,91.8
11.93,5,car,Illegal Parking,0.0
11.93,9,car,Illegal Parking,0.0
11.97,5,car,Illegal Parking,0.0
11.97,9,car,Illegal Parking,5.4
12.0,5,car,Illegal Parking,5.4
12.0,9,car,Illegal Parking,7.64
12.03,5,car,Illegal Parking,5.4
12.03,9,car,Illegal Parking,5.4
12.03,146,car,Over-Speeding,104.85
12.07,5,car,Illegal Parking,0.0
12.07,9,car,Illegal Parking,0.0
12.1,5,car,Illegal Parking,7.64
12.1,9,car,Illegal Parking,5.4
12.13,5,car,Illegal Parking,0.0
12.13,9,car,Illegal Parking,7.64
12.17,5,car,Illegal Parking,5.4
12.17,9,car,Illegal Parking,10.8
12.2,5,car,Illegal Parking,5.4
12.2,9,car,Illegal Parking,0.0
12.23,5,car,Illegal Parking,0.0
12.23,9,car,Illegal Parking,0.0
12.27,5,car,Illegal Parking,0.0
12.27,9,car,Illegal Parking,0.0
12.3,5,car,Illegal Parking,5.4
12.3,9,car,Illegal Parking,7.64
12.33,5,car,Illegal Parking,5.4
12.33,9,car,Illegal Parking,5.4
12.37,5,car,Illegal Parking,5.4
12.37,9,car,Illegal Parking,5.4
12.4,5,car,Illegal Parking,0.0
12.4,9,car,Illegal Parking,0.0
12.43,5,car,Illegal Parking,5.4
12.43,9,car,Illegal Parking,0.0
12.47,5,car,Illegal Parking,5.4
12.47,9,car,Illegal Parking,0.0
12.5,5,car,Illegal Parking,5.4
12.5,9,car,Illegal Parking,7.64
12.53,5,car,Illegal Parking,5.4
12.53,9,car,Illegal Parking,0.0
12.57,5,car,Illegal Parking,7.64
12.57,9,car,Illegal Parking,5.4
12.6,5,car,Illegal Parking,0.0
12.6,9,car,Illegal Parking,5.4
12.63,5,car,Illegal Parking,5.4
12.63,9,car,Illegal Parking,5.4
12.67,5,car,Illegal Parking,5.4
12.67,9,car,Illegal Parking,0.0
12.67,141,truck,Over-Speeding,429.19
12.7,5,car,Illegal Parking,0.0
12.7,9,car,Illegal Parking,5.4
12.73,5,car,Illegal Parking,0.0
12.73,9,car,Illegal Parking,5.4
12.73,223,motorcycle,Over-Speeding,138.41
12.77,5,car,Illegal Parking,0.0
12.77,9,car,Illegal Parking,0.0
12.8,5,car,Illegal Parking,5.4
12.8,9,car,Illegal Parking,0.0
12.83,5,car,Illegal Parking,0.0
12.83,9,car,Illegal Parking,0.0
12.87,5,car,Illegal Parking,0.0
12.87,9,car,Illegal Parking,0.0
12.9,5,car,Illegal Parking,5.4
12.9,9,car,Illegal Parking,0.0
12.93,5,car,Illegal Parking,7.64
12.93,9,car,Illegal Parking,5.4
12.97,5,car,Illegal Parking,0.0
12.97,9,car,Illegal Parking,5.4
13.0,5,car,Illegal Parking,5.4
13.0,9,car,Illegal Parking,0.0
13.03,5,car,Illegal Parking,0.0
13.03,9,car,Illegal Parking,0.0
13.03,141,truck,Over-Speeding,87.07
13.07,5,car,Illegal Parking,0.0
13.07,9,car,Illegal Parking,0.0
13.1,5,car,Illegal Parking,7.64
13.1,9,car,Illegal Parking,0.0
13.13,5,car,Illegal Parking,0.0
13.13,9,car,Illegal Parking,5.4
13.17,5,car,Illegal Parking,0.0
13.17,9,car,Illegal Parking,5.4
13.2,5,car,Illegal Parking,0.0
13.2,9,car,Illegal Parking,5.4
13.23,5,car,Illegal Parking,0.0
13.23,9,car,Illegal Parking,5.4
13.27,5,car,Illegal Parking,7.64
13.27,9,car,Illegal Parking,7.64
13.3,5,car,Illegal Parking,0.0
13.3,9,car,Illegal Parking,0.0
13.33,5,car,Illegal Parking,0.0
13.33,9,car,Illegal Parking,0.0
13.33,190,truck,Over-Speeding,210.05
13.37,5,car,Illegal Parking,0.0
13.37,9,car,Illegal Parking,0.0
13.4,5,car,Illegal Parking,0.0
13.4,9,car,Illegal Parking,0.0
13.43,5,car,Illegal Parking,0.0
13.43,9,car,Illegal Parking,0.0
13.47,5,car,Illegal Parking,0.0
13.47,9,car,Illegal Parking,5.4
13.5,5,car,Illegal Parking,5.4
13.5,9,car,Illegal Parking,5.4
13.53,5,car,Illegal Parking,0.0
13.53,9,car,Illegal Parking,7.64
13.57,5,car,Illegal Parking,5.4
13.57,9,car,Illegal Parking,0.0
13.57,211,car,Over-Speeding,307.04
13.6,5,car,Illegal Parking,0.0
13.6,9,car,Illegal Parking,0.0
13.63,5,car,Illegal Parking,5.4
13.63,9,car,Illegal Parking,5.4
13.67,5,car,Illegal Parking,0.0
13.67,9,car,Illegal Parking,7.64
13.7,5,car,Illegal Parking,0.0
13.7,9,car,Illegal Parking,0.0
13.73,5,car,Illegal Parking,0.0
13.73,9,car,Illegal Parking,0.0
13.77,5,car,Illegal Parking,5.4
13.77,9,car,Illegal Parking,0.0
13.8,5,car,Illegal Parking,0.0
13.8,9,car,Illegal Parking,0.0
13.83,5,car,Illegal Parking,0.0
13.83,9,car,Illegal Parking,0.0
13.87,5,car,Illegal Parking,0.0
13.87,9,car,Illegal Parking,0.0
13.9,5,car,Illegal Parking,0.0
13.9,9,car,Illegal Parking,7.64
13.93,5,car,Illegal Parking,0.0
13.93,9,car,Illegal Parking,0.0
13.93,232,motorcycle,Over-Speeding,145.4
13.97,5,car,Illegal Parking,0.0
13.97,9,car,Illegal Parking,5.4
14.0,5,car,Illegal Parking,0.0
14.0,9,car,Illegal Parking,0.0
14.03,5,car,Illegal Parking,0.0
14.03,9,car,Illegal Parking,5.4
14.07,5,car,Illegal Parking,5.4
14.07,9,car,Illegal Parking,0.0
14.1,5,car,Illegal Parking,0.0
14.1,9,car,Illegal Parking,0.0
14.13,5,car,Illegal Parking,0.0
14.13,9,car,Illegal Parking,0.0
14.17,5,car,Illegal Parking,0.0
14.17,9,car,Illegal Parking,5.4
14.2,5,car,Illegal Parking,0.0
14.2,9,car,Illegal Parking,0.0
14.23,5,car,Illegal Parking,0.0
14.23,9,car,Illegal Parking,0.0
14.27,5,car,Illegal Parking,0.0
14.27,9,car,Illegal Parking,0.0
14.3,5,car,Illegal Parking,5.4
14.3,9,car,Illegal Parking,5.4
14.3,211,car,Over-Speeding,216.88
14.33,5,car,Illegal Parking,0.0
14.33,9,car,Illegal Parking,0.0
14.37,5,car,Illegal Parking,5.4
14.37,9,car,Illegal Parking,0.0
14.4,5,car,Illegal Parking,0.0
14.4,9,car,Illegal Parking,0.0
14.43,5,car,Illegal Parking,0.0
14.43,9,car,Illegal Parking,5.4
14.47,5,car,Illegal Parking,0.0
14.47,9,car,Illegal Parking,5.4
14.5,5,car,Illegal Parking,5.4
14.5,9,car,Illegal Parking,0.0
14.53,5,car,Illegal Parking,0.0
14.53,9,car,Illegal Parking,0.0
14.57,5,car,Illegal Parking,0.0
14.57,9,car,Illegal Parking,0.0
14.6,5,car,Illegal Parking,0.0
14.6,9,car,Illegal Parking,5.4
14.63,5,car,Illegal Parking,0.0
14.63,9,car,Illegal Parking,0.0
14.67,5,car,Illegal Parking,0.0
14.67,9,car,Illegal Parking,5.4
14.7,5,car,Illegal Parking,0.0
14.7,9,car,Illegal Parking,5.4
14.73,5,car,Illegal Parking,0.0
14.73,9,car,Illegal Parking,0.0
14.77,5,car,Illegal Parking,5.4
14.77,9,car,Illegal Parking,0.0
14.8,5,car,Illegal Parking,5.4
14.8,9,car,Illegal Parking,0.0
14.83,5,car,Illegal Parking,0.0
14.83,9,car,Illegal Parking,0.0
14.87,5,car,Illegal Parking,0.0
14.87,9,car,Illegal Parking,7.64
14.9,5,car,Illegal Parking,0.0
14.9,9,car,Illegal Parking,0.0
14.93,5,car,Illegal Parking,0.0
14.93,9,car,Illegal Parking,7.64
14.97,5,car,Illegal Parking,0.0
14.97,9,car,Illegal Parking,7.64
15.0,5,car,Illegal Parking,5.4
15.0,9,car,Illegal Parking,0.0
15.03,5,car,Illegal Parking,0.0
15.03,9,car,Illegal Parking,0.0
15.03,211,car,Over-Speeding,123.14
15.07,5,car,Illegal Parking,0.0
15.07,9,car,Illegal Parking,5.4
15.1,5,car,Illegal Parking,0.0
15.1,9,car,Illegal Parking,5.4
15.13,5,car,Illegal Parking,0.0
15.13,9,car,Illegal Parking,7.64
15.17,5,car,Illegal Parking,5.4
15.17,9,car,Illegal Parking,5.4
15.2,5,car,Illegal Parking,0.0
15.2,9,car,Illegal Parking,5.4
15.23,5,car,Illegal Parking,5.4
15.23,9,car,Illegal Parking,0.0
15.27,5,car,Illegal Parking,5.4
15.27,9,car,Illegal Parking,0.0
15.3,5,car,Illegal Parking,5.4
15.3,9,car,Illegal Parking,0.0
15.33,5,car,Illegal Parking,0.0
15.33,9,car,Illegal Parking,5.4
15.37,5,car,Illegal Parking,0.0
15.37,9,car,Illegal Parking,0.0
15.4,5,car,Illegal Parking,5.4
15.4,9,car,Illegal Parking,0.0
15.43,5,car,Illegal Parking,0.0
15.43,9,car,Illegal Parking,0.0
15.47,5,car,Illegal Parking,0.0
15.47,9,car,Illegal Parking,7.64
15.5,5,car,Illegal Parking,5.4
15.5,9,car,Illegal Parking,5.4
15.53,5,car,Illegal Parking,0.0
15.53,9,car,Illegal Parking,0.0
15.57,5,car,Illegal Parking,5.4
15.57,9,car,Illegal Parking,5.4
15.6,5,car,Illegal Parking,0.0
15.6,9,car,Illegal Parking,5.4
15.63,5,car,Illegal Parking,0.0
15.63,9,car,Illegal Parking,5.4
15.67,5,car,Illegal Parking,0.0
15.67,9,car,Illegal Parking,0.0
15.7,5,car,Illegal Parking,5.4
15.7,9,car,Illegal Parking,5.4
15.73,5,car,Illegal Parking,0.0
15.73,9,car,Illegal Parking,5.4
15.73,246,car,Over-Speeding,137.46
15.77,5,car,Illegal Parking,0.0
15.77,9,car,Illegal Parking,5.4
15.8,5,car,Illegal Parking,5.4
15.8,9,car,Illegal Parking,0.0
15.8,239,truck,Over-Speeding,361.48
15.83,5,car,Illegal Parking,5.4
15.83,9,car,Illegal Parking,7.64
15.87,5,car,Illegal Parking,5.4
15.87,9,car,Illegal Parking,0.0
15.9,5,car,Illegal Parking,0.0
15.9,9,car,Illegal Parking,5.4
15.93,5,car,Illegal Parking,0.0
15.93,9,car,Illegal Parking,7.64
15.97,5,car,Illegal Parking,0.0
15.97,9,car,Illegal Parking,0.0
16.0,5,car,Illegal Parking,0.0
16.0,9,car,Illegal Parking,0.0
16.03,5,car,Illegal Parking,0.0
16.03,9,car,Illegal Parking,5.4
16.07,5,car,Illegal Parking,7.64
16.07,9,car,Illegal Parking,7.64
16.1,5,car,Illegal Parking,0.0
16.1,9,car,Illegal Parking,0.0
16.13,5,car,Illegal Parking,7.64
16.13,9,car,Illegal Parking,7.64
16.17,5,car,Illegal Parking,0.0
16.17,9,car,Illegal Parking,5.4
16.2,5,car,Illegal Parking,5.4
16.2,253,car,Over-Speeding,103.17
16.23,5,car,Illegal Parking,7.64
16.27,5,car,Illegal Parking,0.0
16.3,5,car,Illegal Parking,5.4
16.33,5,car,Illegal Parking,0.0
16.37,5,car,Illegal Parking,5.4
16.4,5,car,Illegal Parking,5.4
16.43,5,car,Illegal Parking,0.0
16.47,5,car,Illegal Parking,5.4
16.5,5,car,Illegal Parking,5.4
16.53,5,car,Illegal Parking,0.0
16.57,5,car,Illegal Parking,0.0
16.57,266,car,Over-Speeding,82.6
16.6,5,car,Illegal Parking,5.4
16.63,5,car,Illegal Parking,0.0
16.67,5,car,Illegal Parking,5.4
16.7,5,car,Illegal Parking,0.0
16.73,5,car,Illegal Parking,0.0
16.77,5,car,Illegal Parking,5.4
16.77,135,car,Over-Speeding,92.43
16.8,5,car,Illegal Parking,5.4
16.83,5,car,Illegal Parking,0.0
16.87,5,car,Illegal Parking,5.4
16.9,5,car,Illegal Parking,5.4
16.93,5,car,Illegal Parking,0.0
16.97,5,car,Illegal Parking,0.0
17.0,5,car,Illegal Parking,0.0
17.03,5,car,Illegal Parking,5.4
17.07,5,car,Illegal Parking,0.0
17.1,5,car,Illegal Parking,5.4
17.13,5,car,Illegal Parking,5.4
17.17,5,car,Illegal Parking,0.0
17.2,5,car,Illegal Parking,0.0
17.23,5,car,Illegal Parking,7.64
17.27,5,car,Illegal Parking,5.4
17.3,5,car,Illegal Parking,5.4
17.3,271,car,Over-Speeding,357.54
17.3,257,motorcycle,Over-Speeding,95.69
17.33,5,car,Illegal Parking,0.0
17.37,5,car,Illegal Parking,5.4
17.4,5,car,Illegal Parking,7.64
17.43,5,car,Illegal Parking,0.0
17.47,5,car,Illegal Parking,5.4
17.5,5,car,Illegal Parking,0.0
17.53,5,car,Illegal Parking,5.4
17.53,279,truck,Over-Speeding,172.29
17.53,257,motorcycle,Over-Speeding,150.62
17.57,5,car,Illegal Parking,0.0
17.6,5,car,Illegal Parking,0.0
17.63,5,car,Illegal Parking,0.0
17.67,5,car,Illegal Parking,5.4
17.7,5,car,Illegal Parking,5.4
17.73,5,car,Illegal Parking,0.0
17.73,281,bus,Over-Speeding,103.87
17.77,5,car,Illegal Parking,0.0
17.77,257,motorcycle,Over-Speeding,95.54
17.8,5,car,Illegal Parking,0.0
17.83,5,car,Illegal Parking,0.0
17.87,5,car,Illegal Parking,0.0
17.9,5,car,Illegal Parking,5.4
17.93,5,car,Illegal Parking,7.64
17.93,279,truck,Over-Speeding,157.44
17.93,229,car,Over-Speeding,130.72
17.97,5,car,Illegal Parking,0.0
18.0,5,car,Illegal Parking,0.0
18.03,5,car,Illegal Parking,5.4
18.03,254,bus,Over-Speeding,80.28
18.03,271,car,Over-Speeding,133.37
18.07,5,car,Illegal Parking,0.0
18.1,5,car,Illegal Parking,7.64
18.13,5,car,Illegal Parking,0.0
18.17,5,car,Illegal Parking,0.0
18.2,5,car,Illegal Parking,7.64
18.23,5,car,Illegal Parking,5.4
18.23,284,truck,Over-Speeding,207.81
18.27,5,car,Illegal Parking,5.4
18.27,229,car,Over-Speeding,210.88
18.3,5,car,Illegal Parking,0.0
18.3,291,car,Over-Speeding,82.25
18.33,5,car,Illegal Parking,7.64
18.37,5,car,Illegal Parking,0.0
18.4,5,car,Illegal Parking,7.64
18.4,266,car,Over-Speeding,106.37
18.43,5,car,Illegal Parking,7.64
18.47,5,car,Illegal Parking,7.64
18.5,5,car,Illegal Parking,5.4
18.53,5,car,Illegal Parking,0.0
18.57,5,car,Illegal Parking,0.0
18.6,5,car,Illegal Parking,0.0
18.63,5,car,Illegal Parking,0.0
18.63,254,bus,Over-Speeding,81.18
18.67,5,car,Illegal Parking,5.4
18.7,5,car,Illegal Parking,5.4
18.73,5,car,Illegal Parking,5.4
18.77,5,car,Illegal Parking,0.0
18.77,283,truck,Over-Speeding,144.09
18.8,5,car,Illegal Parking,0.0
18.83,5,car,Illegal Parking,5.4
18.87,5,car,Illegal Parking,7.64
18.9,5,car,Illegal Parking,5.4
18.9,284,car,Over-Speeding,178.77
18.93,5,car,Illegal Parking,5.4
18.97,5,car,Illegal Parking,0.0
19.0,5,car,Illegal Parking,0.0
19.03,5,car,Illegal Parking,0.0
19.07,5,car,Illegal Parking,0.0
19.1,5,car,Illegal Parking,0.0
19.13,5,car,Illegal Parking,0.0
19.17,5,car,Illegal Parking,5.4
19.17,283,truck,Over-Speeding,87.91
19.2,5,car,Illegal Parking,0.0
19.23,5,car,Illegal Parking,5.4
19.27,5,car,Illegal Parking,0.0
19.3,5,car,Illegal Parking,5.4
19.33,5,car,Illegal Parking,0.0
19.37,5,car,Illegal Parking,0.0
19.4,5,car,Illegal Parking,5.4
19.43,5,car,Illegal Parking,5.4
19.43,291,car,Over-Speeding,106.5
19.47,5,car,Illegal Parking,10.8
19.5,5,car,Illegal Parking,10.8
19.5,260,car,Over-Speeding,99.57
19.53,5,car,Illegal Parking,5.4
19.63,283,truck,Over-Speeding,90.52
19.63,291,car,Over-Speeding,210.32
19.9,316,car,Over-Speeding,82.25
20.13,5,car,Over-Speeding,82.43
20.23,280,car,Over-Speeding,135.97
20.57,321,motorcycle,Over-Speeding,158.82
20.63,296,car,Over-Speeding,133.37
21.5,333,motorcycle,Over-Speeding,90.52
21.9,316,car,Over-Speeding,89.39
22.63,368,truck,Over-Speeding,181.44
23.07,368,car,Over-Speeding,179.75
23.23,368,car,Over-Speeding,82.43
23.8,301,car,Over-Speeding,85.38
24.0,379,car,Over-Speeding,191.38
24.13,5,car,Illegal Parking,0.0
24.17,5,car,Illegal Parking,0.0
24.2,5,car,Illegal Parking,0.0
24.23,5,car,Illegal Parking,0.0
24.27,5,car,Illegal Parking,0.0
24.3,5,car,Illegal Parking,0.0
24.33,5,car,Illegal Parking,5.4
24.37,5,car,Illegal Parking,0.0
24.4,5,car,Illegal Parking,0.0
24.43,5,car,Illegal Parking,0.0
24.47,5,car,Illegal Parking,0.0
24.5,5,car,Illegal Parking,0.0
24.53,5,car,Illegal Parking,0.0
24.57,5,car,Illegal Parking,0.0
24.6,5,car,Illegal Parking,0.0
24.6,401,motorcycle,Over-Speeding,129.82
24.63,5,car,Illegal Parking,0.0
24.67,5,car,Illegal Parking,5.4
24.7,5,car,Illegal Parking,0.0
24.73,5,car,Illegal Parking,0.0
24.77,9,car,Illegal Parking,0.0
24.77,5,car,Illegal Parking,0.0
24.8,9,car,Illegal Parking,5.4
24.8,5,car,Illegal Parking,0.0
24.83,9,car,Illegal Parking,0.0
24.83,5,car,Illegal Parking,0.0
24.87,9,car,Illegal Parking,0.0
24.87,5,car,Illegal Parking,5.4
24.9,9,car,Illegal Parking,0.0
24.9,5,car,Illegal Parking,0.0
24.93,9,car,Illegal Parking,5.4
24.93,5,car,Illegal Parking,5.4
24.97,9,car,Illegal Parking,0.0
24.97,5,car,Illegal Parking,0.0
25.0,9,car,Illegal Parking,0.0
25.0,5,car,Illegal Parking,0.0
25.03,9,car,Illegal Parking,7.64
25.03,5,car,Illegal Parking,0.0
25.07,9,car,Illegal Parking,5.4
25.07,5,car,Illegal Parking,0.0
25.1,9,car,Illegal Parking,0.0
25.1,5,car,Illegal Parking,5.4
25.1,401,motorcycle,Over-Speeding,215.19
25.13,9,car,Illegal Parking,0.0
25.13,5,car,Illegal Parking,5.4
25.13,401,motorcycle,Over-Speeding,97.8
25.17,9,car,Illegal Parking,0.0
25.17,5,car,Illegal Parking,0.0
25.2,9,car,Illegal Parking,5.4
25.2,5,car,Illegal Parking,0.0
25.2,401,motorcycle,Over-Speeding,87.07
25.23,9,car,Illegal Parking,5.4
25.23,5,car,Illegal Parking,0.0
25.27,9,car,Illegal Parking,0.0
25.27,5,car,Illegal Parking,0.0
25.3,9,car,Illegal Parking,5.4
25.3,5,car,Illegal Parking,0.0
25.33,9,car,Illegal Parking,0.0
25.33,5,car,Illegal Parking,0.0
25.33,401,motorcycle,Over-Speeding,117.94
25.37,9,car,Illegal Parking,5.4
25.37,5,car,Illegal Parking,0.0
25.4,9,car,Illegal Parking,5.4
25.4,5,car,Illegal Parking,5.4
25.43,9,car,Illegal Parking,5.4
25.43,5,car,Illegal Parking,5.4
25.47,9,car,Illegal Parking,5.4
25.47,5,car,Illegal Parking,0.0
25.5,9,car,Illegal Parking,0.0
25.5,5,car,Illegal Parking,5.4
25.53,9,car,Illegal Parking,0.0
25.53,5,car,Illegal Parking,0.0
25.57,9,car,Illegal Parking,5.4
25.57,5,car,Illegal Parking,0.0
25.6,9,car,Illegal Parking,0.0
25.6,5,car,Illegal Parking,5.4
25.63,9,car,Illegal Parking,5.4
25.63,5,car,Illegal Parking,5.4
25.67,9,car,Illegal Parking,0.0
25.67,5,car,Illegal Parking,0.0
25.7,9,car,Illegal Parking,7.64
25.7,5,car,Illegal Parking,5.4
25.73,9,car,Illegal Parking,0.0
25.73,5,car,Illegal Parking,0.0
25.73,420,car,Over-Speeding,137.99
25.77,9,car,Illegal Parking,5.4
25.77,5,car,Illegal Parking,0.0
25.8,9,car,Illegal Parking,0.0
25.8,5,car,Illegal Parking,0.0
25.83,9,car,Illegal Parking,5.4
25.83,5,car,Illegal Parking,5.4
25.87,9,car,Illegal Parking,0.0
25.87,5,car,Illegal Parking,0.0
25.9,9,car,Illegal Parking,5.4
25.9,5,car,Illegal Parking,0.0
25.93,9,car,Illegal Parking,0.0
25.93,5,car,Illegal Parking,0.0
25.97,9,car,Illegal Parking,5.4
25.97,5,car,Illegal Parking,0.0
26.0,9,car,Illegal Parking,7.64
26.0,5,car,Illegal Parking,0.0
26.0,433,truck,Over-Speeding,87.24
26.03,9,car,Illegal Parking,0.0
26.03,5,car,Illegal Parking,0.0
26.07,9,car,Illegal Parking,7.64
26.07,5,car,Illegal Parking,0.0
26.1,9,car,Illegal Parking,0.0
26.1,5,car,Illegal Parking,0.0
26.13,9,car,Illegal Parking,0.0
26.13,5,car,Illegal Parking,0.0
26.17,9,car,Illegal Parking,0.0
26.17,5,car,Illegal Parking,0.0
26.2,9,car,Illegal Parking,0.0
26.2,5,car,Illegal Parking,0.0
26.23,9,car,Illegal Parking,5.4
26.23,5,car,Illegal Parking,5.4
26.27,9,car,Illegal Parking,5.4
26.27,5,car,Illegal Parking,0.0
26.3,9,car,Illegal Parking,0.0
26.3,5,car,Illegal Parking,0.0
26.3,379,car,Over-Speeding,95.54
26.33,9,car,Illegal Parking,5.4
26.33,5,car,Illegal Parking,0.0
26.37,9,car,Illegal Parking,0.0
26.37,5,car,Illegal Parking,0.0
26.4,9,car,Illegal Parking,0.0
26.4,5,car,Illegal Parking,0.0
26.43,9,car,Illegal Parking,5.4
26.43,5,car,Illegal Parking,5.4
26.47,9,car,Illegal Parking,0.0
26.47,5,car,Illegal Parking,0.0
26.5,9,car,Illegal Parking,5.4
26.5,5,car,Illegal Parking,0.0
26.53,9,car,Illegal Parking,7.64
26.53,5,car,Illegal Parking,5.4
26.57,9,car,Illegal Parking,5.4
26.57,5,car,Illegal Parking,0.0
26.6,9,car,Illegal Parking,7.64
26.6,5,car,Illegal Parking,5.4
26.6,362,car,Over-Speeding,160.55
26.63,9,car,Illegal Parking,5.4
26.63,5,car,Illegal Parking,0.0
26.67,9,car,Illegal Parking,0.0
26.67,5,car,Illegal Parking,0.0
26.7,9,car,Illegal Parking,0.0
26.7,5,car,Illegal Parking,0.0
26.7,420,car,Over-Speeding,166.7
26.73,9,car,Illegal Parking,7.64
26.73,5,car,Illegal Parking,0.0
26.77,9,car,Illegal Parking,0.0
26.77,5,car,Illegal Parking,0.0
26.8,9,car,Illegal Parking,0.0
26.8,5,car,Illegal Parking,0.0
26.83,9,car,Illegal Parking,0.0
26.83,5,car,Illegal Parking,5.4
26.87,9,car,Illegal Parking,5.4
26.87,5,car,Illegal Parking,0.0
26.9,9,car,Illegal Parking,0.0
26.9,5,car,Illegal Parking,0.0
26.93,9,car,Illegal Parking,0.0
26.93,5,car,Illegal Parking,0.0
26.97,9,car,Illegal Parking,0.0
26.97,5,car,Illegal Parking,0.0
27.0,9,car,Illegal Parking,0.0
27.0,5,car,Illegal Parking,7.64
27.03,9,car,Illegal Parking,0.0
27.03,5,car,Illegal Parking,0.0
27.07,9,car,Illegal Parking,0.0
27.07,5,car,Illegal Parking,0.0
27.1,9,car,Illegal Parking,0.0
27.1,5,car,Illegal Parking,0.0
27.1,438,bus,Over-Speeding,97.35
27.13,9,car,Illegal Parking,0.0
27.13,5,car,Illegal Parking,0.0
27.17,9,car,Illegal Parking,5.4
27.17,5,car,Illegal Parking,5.4
27.17,434,motorcycle,Over-Speeding,120.75
27.2,9,car,Illegal Parking,0.0
27.2,5,car,Illegal Parking,0.0
27.23,9,car,Illegal Parking,0.0
27.23,5,car,Illegal Parking,0.0
27.27,9,car,Illegal Parking,0.0
27.27,5,car,Illegal Parking,5.4
27.3,9,car,Illegal Parking,5.4
27.3,5,car,Illegal Parking,0.0
27.33,9,car,Illegal Parking,5.4
27.33,5,car,Illegal Parking,0.0
27.37,9,car,Illegal Parking,5.4
27.37,5,car,Illegal Parking,5.4
27.4,9,car,Illegal Parking,0.0
27.4,5,car,Illegal Parking,0.0
27.4,402,motorcycle,Over-Speeding,95.54
27.43,9,car,Illegal Parking,0.0
27.43,5,car,Illegal Parking,0.0
27.47,9,car,Illegal Parking,5.4
27.47,5,car,Illegal Parking,0.0
27.5,9,car,Illegal Parking,0.0
27.5,5,car,Illegal Parking,0.0
27.53,9,car,Illegal Parking,5.4
27.53,5,car,Illegal Parking,0.0
27.53,402,motorcycle,Over-Speeding,82.43
27.57,9,car,Illegal Parking,7.64
27.57,5,car,Illegal Parking,5.4
27.6,9,car,Illegal Parking,0.0
27.6,5,car,Illegal Parking,5.4
27.6,402,motorcycle,Over-Speeding,134.13
27.63,9,car,Illegal Parking,5.4
27.63,5,car,Illegal Parking,5.4
27.63,443,car,Over-Speeding,197.75
27.67,9,car,Illegal Parking,0.0
27.67,5,car,Illegal Parking,5.4
27.7,9,car,Illegal Parking,5.4
27.7,5,car,Illegal Parking,0.0
27.73,9,car,Illegal Parking,0.0
27.73,5,car,Illegal Parking,0.0
27.73,402,motorcycle,Over-Speeding,156.6
27.77,9,car,Illegal Parking,7.64
27.77,5,car,Illegal Parking,5.4
27.8,9,car,Illegal Parking,0.0
27.8,5,car,Illegal Parking,0.0
27.83,9,car,Illegal Parking,0.0
27.83,5,car,Illegal Parking,0.0
27.87,9,car,Illegal Parking,0.0
27.87,5,car,Illegal Parking,5.4
27.9,9,car,Illegal Parking,0.0
27.9,5,car,Illegal Parking,0.0
27.93,9,car,Illegal Parking,0.0
27.93,5,car,Illegal Parking,7.64
27.93,443,car,Over-Speeding,145.4
27.97,9,car,Illegal Parking,0.0
27.97,5,car,Illegal Parking,7.64
28.0,9,car,Illegal Parking,0.0
28.0,5,car,Illegal Parking,0.0
28.03,9,car,Illegal Parking,5.4
28.03,5,car,Illegal Parking,0.0
28.07,9,car,Illegal Parking,0.0
28.07,5,car,Illegal Parking,0.0
28.1,9,car,Illegal Parking,5.4
28.1,5,car,Illegal Parking,0.0
28.1,434,motorcycle,Over-Speeding,369.61
28.1,443,car,Over-Speeding,84.52
28.13,9,car,Illegal Parking,0.0
28.13,5,car,Illegal Parking,5.4
28.17,9,car,Illegal Parking,0.0
28.17,5,car,Illegal Parking,0.0
28.2,9,car,Illegal Parking,0.0
28.2,5,car,Illegal Parking,0.0
28.23,9,car,Illegal Parking,5.4
28.23,5,car,Illegal Parking,0.0
28.27,9,car,Illegal Parking,5.4
28.27,5,car,Illegal Parking,0.0
28.27,395,car,Over-Speeding,81.72
28.27,434,motorcycle,Over-Speeding,109.21
28.3,9,car,Illegal Parking,5.4
28.3,5,car,Illegal Parking,0.0
28.33,9,car,Illegal Parking,0.0
28.33,5,car,Illegal Parking,7.64
28.37,9,car,Illegal Parking,0.0
28.37,5,car,Illegal Parking,5.4
28.4,9,car,Illegal Parking,0.0
28.4,5,car,Illegal Parking,0.0
28.43,9,car,Illegal Parking,0.0
28.43,5,car,Illegal Parking,0.0
28.47,9,car,Illegal Parking,5.4
28.47,5,car,Illegal Parking,0.0
28.5,9,car,Illegal Parking,0.0
28.5,5,car,Illegal Parking,0.0
28.53,9,car,Illegal Parking,0.0
28.53,5,car,Illegal Parking,0.0
28.57,9,car,Illegal Parking,5.4
28.57,5,car,Illegal Parking,5.4
28.6,9,car,Illegal Parking,5.4
28.6,5,car,Illegal Parking,0.0
28.63,9,car,Illegal Parking,0.0
28.63,5,car,Illegal Parking,0.0
28.67,9,car,Illegal Parking,0.0
28.67,5,car,Illegal Parking,0.0
28.7,9,car,Illegal Parking,5.4
28.7,5,car,Illegal Parking,5.4
28.7,461,car,Over-Speeding,82.6
28.73,9,car,Illegal Parking,0.0
28.73,5,car,Illegal Parking,7.64
28.77,9,car,Illegal Parking,0.0
28.77,5,car,Illegal Parking,0.0
28.8,9,car,Illegal Parking,0.0
28.8,5,car,Illegal Parking,0.0
28.83,9,car,Illegal Parking,0.0
28.83,5,car,Illegal Parking,5.4
28.87,9,car,Illegal Parking,0.0
28.87,5,car,Illegal Parking,0.0
28.9,9,car,Illegal Parking,5.4
28.9,5,car,Illegal Parking,0.0
28.93,9,car,Illegal Parking,0.0
28.93,5,car,Illegal Parking,0.0
28.93,395,car,Over-Speeding,97.2
28.97,9,car,Illegal Parking,5.4
28.97,5,car,Illegal Parking,0.0
29.0,9,car,Illegal Parking,0.0
29.0,5,car,Illegal Parking,5.4
29.03,9,car,Illegal Parking,0.0
29.03,5,car,Illegal Parking,0.0
29.07,9,car,Illegal Parking,0.0
29.07,5,car,Illegal Parking,0.0
29.1,9,car,Illegal Parking,0.0
29.1,5,car,Illegal Parking,0.0
29.13,9,car,Illegal Parking,5.4
29.13,5,car,Illegal Parking,5.4
29.17,9,car,Illegal Parking,0.0
29.17,5,car,Illegal Parking,5.4
29.2,9,car,Illegal Parking,5.4
29.2,5,car,Illegal Parking,5.4
29.23,9,car,Illegal Parking,5.4
29.23,5,car,Illegal Parking,7.64
29.27,9,car,Illegal Parking,0.0
29.27,5,car,Illegal Parking,5.4
29.3,9,car,Illegal Parking,0.0
29.3,5,car,Illegal Parking,5.4
29.3,395,car,Over-Speeding,119.29
29.33,9,car,Illegal Parking,0.0
29.33,5,car,Illegal Parking,7.64
29.37,9,car,Illegal Parking,5.4
29.37,5,car,Illegal Parking,5.4
29.4,9,car,Illegal Parking,0.0
29.4,5,car,Illegal Parking,0.0
29.43,9,car,Illegal Parking,0.0
29.43,5,car,Illegal Parking,0.0
29.47,9,car,Illegal Parking,0.0
29.47,5,car,Illegal Parking,0.0
29.5,9,car,Illegal Parking,5.4
29.5,5,car,Illegal Parking,5.4
29.53,9,car,Illegal Parking,0.0
29.53,5,car,Illegal Parking,5.4
29.57,9,car,Illegal Parking,0.0
29.57,5,car,Illegal Parking,0.0
29.6,9,car,Illegal Parking,7.64
29.6,5,car,Illegal Parking,5.4
29.6,395,truck,Over-Speeding,189.31
29.63,9,car,Illegal Parking,0.0
29.63,5,car,Illegal Parking,0.0
29.67,9,car,Illegal Parking,5.4
29.67,5,car,Illegal Parking,5.4
29.7,9,car,Illegal Parking,0.0
29.7,5,car,Illegal Parking,7.64
29.73,9,car,Illegal Parking,5.4
29.73,5,car,Illegal Parking,5.4
29.77,9,car,Illegal Parking,0.0
29.77,5,car,Illegal Parking,0.0
29.8,9,car,Illegal Parking,5.4
29.8,5,car,Illegal Parking,0.0
29.83,9,car,Illegal Parking,5.4
29.83,5,car,Illegal Parking,5.4
29.87,9,car,Illegal Parking,5.4
29.87,5,car,Illegal Parking,5.4
29.9,9,car,Illegal Parking,5.4
29.9,5,car,Illegal Parking,0.0
29.93,9,car,Illegal Parking,0.0
29.93,5,car,Illegal Parking,7.64
29.97,9,car,Illegal Parking,0.0
29.97,5,car,Illegal Parking,0.0
30.0,9,car,Illegal Parking,5.4
30.0,5,car,Illegal Parking,5.4
30.0,490,motorcycle,Over-Speeding,184.31
30.03,9,car,Illegal Parking,5.4
30.03,5,car,Illegal Parking,0.0
30.07,9,car,Illegal Parking,0.0
30.07,5,car,Illegal Parking,0.0
30.1,9,car,Illegal Parking,7.64
30.1,5,car,Illegal Parking,0.0
30.13,9,car,Illegal Parking,0.0
30.13,5,car,Illegal Parking,0.0
30.17,9,car,Illegal Parking,7.64
30.17,5,car,Illegal Parking,5.4
30.17,490,motorcycle,Over-Speeding,121.83
30.2,9,car,Illegal Parking,5.4
30.2,5,car,Illegal Parking,0.0
30.23,9,car,Illegal Parking,0.0
30.23,5,car,Illegal Parking,0.0
30.23,484,car,Over-Speeding,90.52
30.27,9,car,Illegal Parking,0.0
30.27,5,car,Illegal Parking,0.0
30.27,395,truck,Over-Speeding,172.88
30.3,9,car,Illegal Parking,0.0
30.3,5,car,Illegal Parking,0.0
30.33,9,car,Illegal Parking,0.0
30.33,5,car,Illegal Parking,0.0
30.37,9,car,Illegal Parking,0.0
30.37,5,car,Illegal Parking,0.0
30.4,9,car,Illegal Parking,0.0
30.4,5,car,Illegal Parking,0.0
30.43,9,car,Illegal Parking,0.0
30.43,5,car,Illegal Parking,0.0
30.47,9,car,Illegal Parking,0.0
30.47,5,car,Illegal Parking,7.64
30.5,9,car,Illegal Parking,0.0
30.5,5,car,Illegal Parking,7.64
30.53,9,car,Illegal Parking,0.0
30.53,5,car,Illegal Parking,0.0
30.57,9,car,Illegal Parking,5.4
30.57,5,car,Illegal Parking,5.4
30.6,9,car,Illegal Parking,7.64
30.6,5,car,Illegal Parking,0.0
30.63,9,car,Illegal Parking,0.0
30.63,5,car,Illegal Parking,0.0
30.67,9,car,Illegal Parking,5.4
30.67,5,car,Illegal Parking,0.0
30.7,9,car,Illegal Parking,5.4
30.7,5,car,Illegal Parking,0.0
30.73,9,car,Illegal Parking,0.0
30.73,5,car,Illegal Parking,0.0
30.73,494,motorcycle,Over-Speeding,263.0
30.77,9,car,Illegal Parking,0.0
30.77,5,car,Illegal Parking,5.4
30.77,494,motorcycle,Over-Speeding,103.87
30.8,9,car,Illegal Parking,5.4
30.8,5,car,Illegal Parking,5.4
30.83,9,car,Illegal Parking,5.4
30.83,5,car,Illegal Parking,0.0
30.87,9,car,Illegal Parking,0.0
30.87,5,car,Illegal Parking,0.0
30.9,9,car,Illegal Parking,5.4
30.9,5,car,Illegal Parking,0.0
30.93,9,car,Illegal Parking,0.0
30.93,5,car,Illegal Parking,0.0
30.97,9,car,Illegal Parking,5.4
30.97,5,car,Illegal Parking,0.0
31.0,9,car,Illegal Parking,7.64
31.0,5,car,Illegal Parking,0.0
31.03,9,car,Illegal Parking,0.0
31.03,5,car,Illegal Parking,0.0
31.03,447,car,Illegal Parking,5.4
31.07,9,car,Illegal Parking,7.64
31.07,5,car,Illegal Parking,0.0
31.07,447,car,Illegal Parking,5.4
31.1,9,car,Illegal Parking,7.64
31.1,5,car,Illegal Parking,5.4
31.1,447,car,Illegal Parking,0.0
31.13,9,car,Illegal Parking,0.0
31.13,5,car,Illegal Parking,5.4
31.13,447,car,Illegal Parking,10.8
31.17,9,car,Illegal Parking,0.0
31.17,5,car,Illegal Parking,0.0
31.17,447,car,Illegal Parking,10.8
31.2,9,car,Illegal Parking,0.0
31.2,5,car,Illegal Parking,0.0
31.2,447,car,Illegal Parking,7.64
31.23,9,car,Illegal Parking,0.0
31.23,5,car,Illegal Parking,0.0
31.23,447,car,Illegal Parking,5.4
31.27,9,car,Illegal Parking,0.0
31.27,5,car,Illegal Parking,0.0
31.27,447,car,Illegal Parking,10.8
31.3,9,car,Illegal Parking,0.0
31.3,5,car,Illegal Parking,0.0
31.3,447,car,Illegal Parking,5.4
31.33,9,car,Illegal Parking,5.4
31.33,5,car,Illegal Parking,0.0
31.33,447,car,Illegal Parking,12.07
31.37,9,car,Illegal Parking,5.4
31.37,5,car,Illegal Parking,0.0
31.37,447,car,Illegal Parking,12.07
31.4,9,car,Illegal Parking,5.4
31.4,5,car,Illegal Parking,5.4
31.4,461,car,Over-Speeding,137.67
31.43,9,car,Illegal Parking,5.4
31.43,5,car,Illegal Parking,0.0
31.47,9,car,Illegal Parking,0.0
31.47,5,car,Illegal Parking,0.0
31.5,9,car,Illegal Parking,0.0
31.5,5,car,Illegal Parking,0.0
31.53,9,car,Illegal Parking,5.4
31.53,5,car,Illegal Parking,5.4
31.57,9,car,Illegal Parking,0.0
31.57,5,car,Illegal Parking,0.0
31.6,9,car,Illegal Parking,0.0
31.6,5,car,Illegal Parking,0.0
31.6,285,truck,Illegal Parking,7.64
31.63,9,car,Illegal Parking,5.4
31.63,5,car,Illegal Parking,5.4
31.67,9,car,Illegal Parking,0.0
31.67,5,car,Illegal Parking,5.4
31.67,285,truck,Illegal Parking,0.0
31.7,9,car,Illegal Parking,5.4
31.7,5,car,Illegal Parking,0.0
31.73,9,car,Illegal Parking,0.0
31.73,5,car,Illegal Parking,0.0
31.77,9,car,Illegal Parking,0.0
31.77,5,car,Illegal Parking,5.4
31.8,9,car,Illegal Parking,5.4
31.8,5,car,Illegal Parking,0.0
31.8,285,car,Illegal Parking,5.4
31.83,9,car,Illegal Parking,0.0
31.83,5,car,Illegal Parking,5.4
31.83,285,car,Illegal Parking,0.0
31.87,9,car,Illegal Parking,5.4
31.87,5,car,Illegal Parking,0.0
31.87,285,truck,Illegal Parking,5.4
31.9,9,car,Illegal Parking,5.4
31.9,5,car,Illegal Parking,0.0
31.9,285,truck,Illegal Parking,5.4
31.93,9,car,Illegal Parking,5.4
31.93,5,car,Illegal Parking,0.0
31.93,285,truck,Illegal Parking,0.0
31.97,9,car,Illegal Parking,7.64
31.97,5,car,Illegal Parking,5.4
31.97,285,truck,Illegal Parking,0.0
32.0,9,car,Illegal Parking,5.4
32.0,5,car,Illegal Parking,0.0
32.0,285,truck,Illegal Parking,0.0
32.03,9,car,Illegal Parking,12.07
32.03,5,car,Illegal Parking,5.4
32.03,285,truck,Illegal Parking,5.4
32.07,9,car,Illegal Parking,10.8
32.07,5,car,Illegal Parking,5.4
32.07,285,truck,Illegal Parking,0.0
32.1,9,car,Illegal Parking,5.4
32.1,5,car,Illegal Parking,5.4
32.1,285,truck,Illegal Parking,5.4
32.13,9,car,Illegal Parking,5.4
32.13,5,car,Illegal Parking,0.0
32.13,285,truck,Illegal Parking,5.4
32.17,9,car,Illegal Parking,5.4
32.17,5,car,Illegal Parking,0.0
32.2,9,car,Illegal Parking,7.64
32.2,5,car,Illegal Parking,0.0
32.2,285,truck,Illegal Parking,0.0
32.23,9,car,Illegal Parking,0.0
32.23,5,car,Illegal Parking,5.4
32.23,285,truck,Illegal Parking,0.0
32.27,9,car,Illegal Parking,5.4
32.27,5,car,Illegal Parking,0.0
32.27,285,truck,Illegal Parking,0.0
32.3,9,car,Illegal Parking,5.4
32.3,5,car,Illegal Parking,0.0
32.3,285,truck,Illegal Parking,0.0
32.33,9,car,Illegal Parking,5.4
32.33,5,car,Illegal Parking,0.0
32.33,285,truck,Illegal Parking,5.4
32.37,9,car,Illegal Parking,5.4
32.37,5,car,Illegal Parking,5.4
32.37,285,truck,Illegal Parking,0.0
32.4,9,car,Illegal Parking,5.4
32.4,5,car,Illegal Parking,0.0
32.4,285,truck,Illegal Parking,0.0
32.43,9,car,Illegal Parking,5.4
32.43,5,car,Illegal Parking,5.4
32.43,285,truck,Illegal Parking,0.0
32.47,9,car,Illegal Parking,5.4
32.47,5,car,Illegal Parking,0.0
32.47,285,truck,Illegal Parking,5.4
32.5,9,car,Illegal Parking,7.64
32.5,5,car,Illegal Parking,0.0
32.5,285,truck,Illegal Parking,0.0
32.53,9,car,Illegal Parking,0.0
32.53,5,car,Illegal Parking,0.0
32.53,285,truck,Illegal Parking,0.0
32.57,9,car,Illegal Parking,5.4
32.57,5,car,Illegal Parking,0.0
32.57,285,truck,Illegal Parking,0.0
32.6,9,car,Illegal Parking,12.07
32.6,5,car,Illegal Parking,0.0
32.6,285,truck,Illegal Parking,0.0
32.63,9,car,Illegal Parking,0.0
32.63,5,car,Illegal Parking,0.0
32.63,285,truck,Illegal Parking,0.0
32.67,9,car,Illegal Parking,5.4
32.67,5,car,Illegal Parking,7.64
32.67,285,truck,Illegal Parking,0.0
32.7,9,car,Illegal Parking,0.0
32.7,5,car,Illegal Parking,0.0
32.7,285,truck,Illegal Parking,5.4
32.73,9,car,Illegal Parking,7.64
32.73,5,car,Illegal Parking,0.0
32.73,285,truck,Illegal Parking,0.0
32.77,9,car,Illegal Parking,5.4
32.77,5,car,Illegal Parking,0.0
32.77,285,truck,Illegal Parking,0.0
32.8,9,car,Illegal Parking,5.4
32.8,5,car,Illegal Parking,0.0
32.8,285,truck,Illegal Parking,0.0
32.83,9,car,Illegal Parking,7.64
32.83,5,car,Illegal Parking,0.0
32.83,285,truck,Illegal Parking,0.0
32.87,9,car,Illegal Parking,0.0
32.87,5,car,Illegal Parking,5.4
32.87,285,truck,Illegal Parking,0.0
32.9,5,car,Illegal Parking,0.0
32.9,285,truck,Illegal Parking,0.0
32.93,5,car,Illegal Parking,0.0
32.93,285,truck,Illegal Parking,0.0
32.97,5,car,Illegal Parking,0.0
32.97,285,truck,Illegal Parking,0.0
33.0,5,car,Illegal Parking,0.0
33.0,285,truck,Illegal Parking,0.0
33.03,5,car,Illegal Parking,0.0
33.03,285,truck,Illegal Parking,0.0
33.07,5,car,Illegal Parking,0.0
33.07,285,truck,Illegal Parking,0.0
33.1,5,car,Illegal Parking,5.4
33.1,285,truck,Illegal Parking,0.0
33.13,5,car,Illegal Parking,0.0
33.13,285,truck,Illegal Parking,0.0
33.17,5,car,Illegal Parking,0.0
33.17,285,truck,Illegal Parking,5.4
33.2,5,car,Illegal Parking,5.4
33.2,285,truck,Illegal Parking,0.0
33.23,5,car,Illegal Parking,0.0
33.23,285,truck,Illegal Parking,0.0
33.27,5,car,Illegal Parking,0.0
33.27,285,truck,Illegal Parking,5.4
33.3,5,car,Illegal Parking,5.4
33.3,285,truck,Illegal Parking,0.0
33.33,5,car,Illegal Parking,0.0
33.33,285,truck,Illegal Parking,5.4
33.37,5,car,Illegal Parking,0.0
33.37,285,truck,Illegal Parking,0.0
33.4,5,car,Illegal Parking,5.4
33.4,285,truck,Illegal Parking,5.4
33.43,5,car,Illegal Parking,0.0
33.43,285,truck,Illegal Parking,0.0
33.47,5,car,Illegal Parking,5.4
33.47,285,truck,Illegal Parking,5.4
33.5,5,car,Illegal Parking,0.0
33.5,285,truck,Illegal Parking,0.0
33.53,5,car,Illegal Parking,0.0
33.53,285,truck,Illegal Parking,0.0
33.57,5,car,Illegal Parking,5.4
33.57,285,truck,Illegal Parking,5.4
33.6,5,car,Illegal Parking,0.0
33.6,285,truck,Illegal Parking,0.0
33.63,5,car,Illegal Parking,5.4
33.63,285,truck,Illegal Parking,0.0
33.67,5,car,Illegal Parking,0.0
33.67,285,truck,Illegal Parking,0.0
33.7,5,car,Illegal Parking,0.0
33.7,285,truck,Illegal Parking,5.4
33.7,507,car,Over-Speeding,101.89
33.73,5,car,Illegal Parking,0.0
33.73,285,truck,Illegal Parking,0.0
33.77,5,car,Illegal Parking,0.0
33.77,285,truck,Illegal Parking,0.0
33.8,5,car,Illegal Parking,5.4
33.8,285,truck,Illegal Parking,0.0
33.83,5,car,Illegal Parking,0.0
33.83,285,truck,Illegal Parking,5.4
33.87,5,car,Illegal Parking,0.0
33.87,285,truck,Illegal Parking,0.0
33.9,5,car,Illegal Parking,5.4
33.9,285,truck,Illegal Parking,0.0
33.93,5,car,Illegal Parking,5.4
33.93,285,truck,Illegal Parking,7.64
33.93,495,truck,Over-Speeding,88.57
33.93,501,car,Over-Speeding,126.06
33.97,5,car,Illegal Parking,0.0
33.97,285,truck,Illegal Parking,5.4
34.0,5,car,Illegal Parking,5.4
34.0,285,truck,Illegal Parking,5.4
34.03,5,car,Illegal Parking,0.0
34.03,285,bus,Illegal Parking,0.0
34.07,5,car,Illegal Parking,0.0
34.07,285,truck,Illegal Parking,5.4
34.1,5,car,Illegal Parking,0.0
34.1,285,bus,Illegal Parking,5.4
34.13,5,car,Illegal Parking,0.0
34.13,285,bus,Illegal Parking,0.0
34.17,5,car,Illegal Parking,0.0
34.17,285,bus,Illegal Parking,0.0
34.2,5,car,Illegal Parking,0.0
34.2,285,bus,Illegal Parking,5.4
34.23,5,car,Illegal Parking,0.0
34.23,285,bus,Illegal Parking,5.4
34.27,5,car,Illegal Parking,0.0
34.27,285,bus,Illegal Parking,5.4
34.3,5,car,Illegal Parking,0.0
34.3,285,bus,Illegal Parking,0.0
34.33,5,car,Illegal Parking,0.0
34.33,285,bus,Illegal Parking,0.0
34.37,5,car,Illegal Parking,0.0
34.37,285,bus,Illegal Parking,0.0
34.4,5,car,Illegal Parking,0.0
34.4,285,bus,Illegal Parking,0.0
34.43,5,car,Illegal Parking,0.0
34.43,285,bus,Illegal Parking,0.0
34.47,5,car,Illegal Parking,5.4
34.47,285,bus,Illegal Parking,0.0
34.5,5,car,Illegal Parking,0.0
34.5,285,bus,Illegal Parking,0.0
34.53,5,car,Illegal Parking,5.4
34.53,285,bus,Illegal Parking,0.0
34.57,5,car,Illegal Parking,0.0
34.57,285,bus,Illegal Parking,0.0
34.6,5,car,Illegal Parking,0.0
34.6,285,bus,Illegal Parking,0.0
34.6,501,car,Over-Speeding,133.37
34.63,5,car,Illegal Parking,0.0
34.63,285,bus,Illegal Parking,0.0
34.67,5,car,Illegal Parking,0.0
34.67,285,bus,Illegal Parking,0.0
34.7,5,car,Illegal Parking,0.0
34.7,285,bus,Illegal Parking,0.0
34.73,5,car,Illegal Parking,0.0
34.73,285,bus,Illegal Parking,0.0
34.77,5,car,Illegal Parking,0.0
34.77,285,bus,Illegal Parking,0.0
34.8,5,car,Illegal Parking,0.0
34.8,285,bus,Illegal Parking,0.0
34.83,5,car,Illegal Parking,0.0
34.83,285,bus,Illegal Parking,0.0
34.87,5,car,Illegal Parking,0.0
34.87,285,bus,Illegal Parking,0.0
34.9,5,car,Illegal Parking,0.0
34.9,285,bus,Illegal Parking,0.0
34.93,5,car,Illegal Parking,10.8
34.93,285,bus,Illegal Parking,0.0
34.97,5,car,Illegal Parking,5.4
35.0,5,car,Illegal Parking,5.4
35.0,285,truck,Illegal Parking,0.0
35.03,5,car,Illegal Parking,5.4
35.03,285,truck,Illegal Parking,0.0
35.07,5,car,Illegal Parking,7.64
35.07,285,truck,Illegal Parking,0.0
35.1,5,car,Illegal Parking,5.4
35.1,285,truck,Illegal Parking,0.0
35.13,5,car,Illegal Parking,0.0
35.13,285,truck,Illegal Parking,0.0
35.17,5,car,Illegal Parking,0.0
35.17,285,truck,Illegal Parking,0.0
35.2,5,car,Illegal Parking,0.0
35.2,285,truck,Illegal Parking,0.0
35.2,550,motorcycle,Over-Speeding,135.43
35.23,5,car,Illegal Parking,0.0
35.23,285,truck,Illegal Parking,0.0
35.27,5,car,Illegal Parking,0.0
35.27,285,truck,Illegal Parking,0.0
35.27,548,car,Over-Speeding,194.77
35.3,5,car,Illegal Parking,5.4
35.3,285,truck,Illegal Parking,5.4
35.33,5,car,Illegal Parking,5.4
35.33,285,truck,Illegal Parking,0.0
35.37,5,car,Illegal Parking,5.4
35.37,285,bus,Illegal Parking,0.0
35.4,5,car,Illegal Parking,5.4
35.4,285,bus,Illegal Parking,0.0
35.43,5,car,Illegal Parking,5.4
35.43,285,truck,Illegal Parking,0.0
35.47,5,car,Illegal Parking,0.0
35.47,285,truck,Illegal Parking,0.0
35.5,5,car,Illegal Parking,7.64
35.5,285,bus,Illegal Parking,0.0
35.53,5,car,Illegal Parking,0.0
35.53,285,bus,Illegal Parking,0.0
35.57,5,car,Illegal Parking,5.4
35.57,285,bus,Illegal Parking,0.0
35.6,5,car,Illegal Parking,0.0
35.6,285,bus,Illegal Parking,5.4
35.63,5,car,Illegal Parking,0.0
35.63,285,bus,Illegal Parking,5.4
35.67,5,car,Illegal Parking,7.64
35.67,285,truck,Illegal Parking,0.0
35.7,5,car,Illegal Parking,0.0
35.7,285,truck,Illegal Parking,0.0
35.73,5,car,Illegal Parking,0.0
35.73,285,truck,Illegal Parking,0.0
35.77,5,car,Illegal Parking,0.0
35.77,285,truck,Illegal Parking,0.0
35.8,5,car,Illegal Parking,5.4
35.8,285,truck,Illegal Parking,5.4
35.83,5,car,Illegal Parking,5.4
35.83,285,truck,Illegal Parking,0.0
35.87,5,car,Illegal Parking,0.0
35.87,285,truck,Illegal Parking,5.4
35.9,5,car,Illegal Parking,0.0
35.9,285,truck,Illegal Parking,5.4
35.93,5,car,Illegal Parking,0.0
35.93,285,truck,Illegal Parking,5.4
35.97,5,car,Illegal Parking,7.64
35.97,285,truck,Illegal Parking,5.4
36.0,5,car,Illegal Parking,5.4
36.0,285,truck,Illegal Parking,0.0
36.0,563,motorcycle,Over-Speeding,94.46
36.03,5,car,Illegal Parking,0.0
36.03,285,truck,Illegal Parking,0.0
36.07,5,car,Illegal Parking,5.4
36.07,285,truck,Illegal Parking,0.0
36.07,545,car,Over-Speeding,91.96
